 Measure Date Time,year,month,day,week,weekday,hour,minute,second
 2021-01-21T13:37:25,2021.0,1.0,21.0,3.0,3.0,13.0,37.0,25.0
 2021-01-21T13:38:51,2021.0,1.0,21.0,3.0,3.0,13.0,38.0,51.0
 2021-01-22T08:28:33,2021.0,1.0,22.0,3.0,4.0,8.0,28.0,33.0
 2021-01-22T08:29:39,2021.0,1.0,22.0,3.0,4.0,8.0,29.0,39.0
 2021-01-23T07:57:23,2021.0,1.0,23.0,3.0,5.0,7.0,57.0,23.0
 2021-01-24T08:31:11,2021.0,1.0,24.0,3.0,6.0,8.0,31.0,11.0
 2021-01-25T07:54:44,2021.0,1.0,25.0,4.0,0.0,7.0,54.0,44.0
 2021-01-26T08:22:17,2021.0,1.0,26.0,4.0,1.0,8.0,22.0,17.0
 2021-01-27T08:03:02,2021.0,1.0,27.0,4.0,2.0,8.0,3.0,2.0
 2021-01-28T07:56:44,2021.0,1.0,28.0,4.0,3.0,7.0,56.0,44.0
 2021-01-29T07:53:36,2021.0,1.0,29.0,4.0,4.0,7.0,53.0,36.0
 2021-01-30T08:06:29,2021.0,1.0,30.0,4.0,5.0,8.0,6.0,29.0
 2021-01-31T08:07:03,2021.0,1.0,31.0,4.0,6.0,8.0,7.0,3.0
 2021-02-01T08:07:22,2021.0,2.0,1.0,5.0,0.0,8.0,7.0,22.0
 2021-02-02T08:01:29,2021.0,2.0,2.0,5.0,1.0,8.0,1.0,29.0
 2021-02-03T07:48:50,2021.0,2.0,3.0,5.0,2.0,7.0,48.0,50.0
 2021-02-04T08:22:00,2021.0,2.0,4.0,5.0,3.0,8.0,22.0,0.0
 2021-02-05T08:13:19,2021.0,2.0,5.0,5.0,4.0,8.0,13.0,19.0
 2021-02-06T08:28:34,2021.0,2.0,6.0,5.0,5.0,8.0,28.0,34.0
 2021-02-07T08:01:56,2021.0,2.0,7.0,5.0,6.0,8.0,1.0,56.0
 2021-02-08T08:15:38,2021.0,2.0,8.0,6.0,0.0,8.0,15.0,38.0
 2021-02-09T08:02:00,2021.0,2.0,9.0,6.0,1.0,8.0,2.0,0.0
 2021-02-10T08:02:30,2021.0,2.0,10.0,6.0,2.0,8.0,2.0,30.0
 2021-02-11T16:31:11,2021.0,2.0,11.0,6.0,3.0,16.0,31.0,11.0
 2021-02-13T07:51:41,2021.0,2.0,13.0,6.0,5.0,7.0,51.0,41.0
 2021-02-14T07:41:38,2021.0,2.0,14.0,6.0,6.0,7.0,41.0,38.0
 2021-02-15T07:55:56,2021.0,2.0,15.0,7.0,0.0,7.0,55.0,56.0
 2021-02-16T08:02:21,2021.0,2.0,16.0,7.0,1.0,8.0,2.0,21.0
 2021-01-22T14:20:00,2021.0,1.0,22.0,3.0,4.0,14.0,20.0,0.0
 2021-01-23T07:57:35,2021.0,1.0,23.0,3.0,5.0,7.0,57.0,35.0
 2021-01-24T08:39:29,2021.0,1.0,24.0,3.0,6.0,8.0,39.0,29.0
 2021-01-25T08:26:08,2021.0,1.0,25.0,4.0,0.0,8.0,26.0,8.0
 2021-01-26T08:11:07,2021.0,1.0,26.0,4.0,1.0,8.0,11.0,7.0
 2021-01-27T08:45:11,2021.0,1.0,27.0,4.0,2.0,8.0,45.0,11.0
 2021-01-28T08:19:32,2021.0,1.0,28.0,4.0,3.0,8.0,19.0,32.0
 2021-01-29T08:36:32,2021.0,1.0,29.0,4.0,4.0,8.0,36.0,32.0
 2021-01-30T07:56:38,2021.0,1.0,30.0,4.0,5.0,7.0,56.0,38.0
 2021-01-31T08:57:02,2021.0,1.0,31.0,4.0,6.0,8.0,57.0,2.0
 2021-02-01T09:04:11,2021.0,2.0,1.0,5.0,0.0,9.0,4.0,11.0
 2021-02-02T08:22:25,2021.0,2.0,2.0,5.0,1.0,8.0,22.0,25.0
 2021-02-03T08:55:24,2021.0,2.0,3.0,5.0,2.0,8.0,55.0,24.0
 2021-02-04T09:23:21,2021.0,2.0,4.0,5.0,3.0,9.0,23.0,21.0
 2021-02-05T08:30:35,2021.0,2.0,5.0,5.0,4.0,8.0,30.0,35.0
 2021-02-06T08:47:09,2021.0,2.0,6.0,5.0,5.0,8.0,47.0,9.0
 2021-01-23T13:41:15,2021.0,1.0,23.0,3.0,5.0,13.0,41.0,15.0
 2021-01-24T08:48:13,2021.0,1.0,24.0,3.0,6.0,8.0,48.0,13.0
 2021-01-25T08:56:07,2021.0,1.0,25.0,4.0,0.0,8.0,56.0,7.0
 2021-01-25T09:05:01,2021.0,1.0,25.0,4.0,0.0,9.0,5.0,1.0
 2021-01-26T09:25:48,2021.0,1.0,26.0,4.0,1.0,9.0,25.0,48.0
 2021-01-27T08:26:25,2021.0,1.0,27.0,4.0,2.0,8.0,26.0,25.0
 2021-01-28T09:29:21,2021.0,1.0,28.0,4.0,3.0,9.0,29.0,21.0
 2021-01-28T16:27:18,2021.0,1.0,28.0,4.0,3.0,16.0,27.0,18.0
 2021-01-28T16:28:47,2021.0,1.0,28.0,4.0,3.0,16.0,28.0,47.0
 2021-01-27T13:41:33,2021.0,1.0,27.0,4.0,2.0,13.0,41.0,33.0
 2021-01-27T17:37:53,2021.0,1.0,27.0,4.0,2.0,17.0,37.0,53.0
 2021-01-28T09:03:08,2021.0,1.0,28.0,4.0,3.0,9.0,3.0,8.0
 2021-01-28T16:04:20,2021.0,1.0,28.0,4.0,3.0,16.0,4.0,20.0
 2021-01-29T09:50:49,2021.0,1.0,29.0,4.0,4.0,9.0,50.0,49.0
 2021-01-29T09:53:00,2021.0,1.0,29.0,4.0,4.0,9.0,53.0,0.0
 2021-01-29T11:18:37,2021.0,1.0,29.0,4.0,4.0,11.0,18.0,37.0
 2021-01-29T18:02:35,2021.0,1.0,29.0,4.0,4.0,18.0,2.0,35.0
 2021-01-29T18:03:56,2021.0,1.0,29.0,4.0,4.0,18.0,3.0,56.0
 2021-01-30T07:53:47,2021.0,1.0,30.0,4.0,5.0,7.0,53.0,47.0
 2021-01-30T07:55:34,2021.0,1.0,30.0,4.0,5.0,7.0,55.0,34.0
 2021-01-30T11:22:21,2021.0,1.0,30.0,4.0,5.0,11.0,22.0,21.0
 2021-01-30T17:59:28,2021.0,1.0,30.0,4.0,5.0,17.0,59.0,28.0
 2021-01-30T18:04:31,2021.0,1.0,30.0,4.0,5.0,18.0,4.0,31.0
 2021-01-31T10:39:13,2021.0,1.0,31.0,4.0,6.0,10.0,39.0,13.0
 2021-01-31T10:40:36,2021.0,1.0,31.0,4.0,6.0,10.0,40.0,36.0
 2021-01-31T14:53:58,2021.0,1.0,31.0,4.0,6.0,14.0,53.0,58.0
 2021-01-31T18:57:53,2021.0,1.0,31.0,4.0,6.0,18.0,57.0,53.0
 2021-02-01T08:51:55,2021.0,2.0,1.0,5.0,0.0,8.0,51.0,55.0
 2021-02-01T08:53:32,2021.0,2.0,1.0,5.0,0.0,8.0,53.0,32.0
 2021-02-01T12:48:36,2021.0,2.0,1.0,5.0,0.0,12.0,48.0,36.0
 2021-02-01T12:50:16,2021.0,2.0,1.0,5.0,0.0,12.0,50.0,16.0
 2021-02-01T16:18:40,2021.0,2.0,1.0,5.0,0.0,16.0,18.0,40.0
 2021-02-01T16:19:57,2021.0,2.0,1.0,5.0,0.0,16.0,19.0,57.0
 2021-02-02T11:20:46,2021.0,2.0,2.0,5.0,1.0,11.0,20.0,46.0
 2021-02-02T17:55:43,2021.0,2.0,2.0,5.0,1.0,17.0,55.0,43.0
 2021-02-02T18:14:56,2021.0,2.0,2.0,5.0,1.0,18.0,14.0,56.0
 2021-02-03T09:31:42,2021.0,2.0,3.0,5.0,2.0,9.0,31.0,42.0
 2021-02-03T09:33:36,2021.0,2.0,3.0,5.0,2.0,9.0,33.0,36.0
 2021-02-03T15:15:40,2021.0,2.0,3.0,5.0,2.0,15.0,15.0,40.0
 2021-02-03T15:17:42,2021.0,2.0,3.0,5.0,2.0,15.0,17.0,42.0
 2021-02-03T17:26:00,2021.0,2.0,3.0,5.0,2.0,17.0,26.0,0.0
 2021-02-03T17:37:46,2021.0,2.0,3.0,5.0,2.0,17.0,37.0,46.0
 2021-02-03T17:39:19,2021.0,2.0,3.0,5.0,2.0,17.0,39.0,19.0
 2021-02-03T18:48:42,2021.0,2.0,3.0,5.0,2.0,18.0,48.0,42.0
 2021-02-04T09:11:18,2021.0,2.0,4.0,5.0,3.0,9.0,11.0,18.0
 2021-02-04T09:17:31,2021.0,2.0,4.0,5.0,3.0,9.0,17.0,31.0
 2021-02-04T12:58:51,2021.0,2.0,4.0,5.0,3.0,12.0,58.0,51.0
 2021-02-04T13:01:10,2021.0,2.0,4.0,5.0,3.0,13.0,1.0,10.0
 2021-02-04T19:46:01,2021.0,2.0,4.0,5.0,3.0,19.0,46.0,1.0
 2021-02-04T19:47:36,2021.0,2.0,4.0,5.0,3.0,19.0,47.0,36.0
 2021-02-04T19:49:22,2021.0,2.0,4.0,5.0,3.0,19.0,49.0,22.0
 2021-02-05T10:50:59,2021.0,2.0,5.0,5.0,4.0,10.0,50.0,59.0
 2021-02-05T10:52:32,2021.0,2.0,5.0,5.0,4.0,10.0,52.0,32.0
 2021-02-05T15:10:45,2021.0,2.0,5.0,5.0,4.0,15.0,10.0,45.0
 2021-02-05T18:26:21,2021.0,2.0,5.0,5.0,4.0,18.0,26.0,21.0
 2021-02-05T18:27:55,2021.0,2.0,5.0,5.0,4.0,18.0,27.0,55.0
 2021-02-06T08:59:57,2021.0,2.0,6.0,5.0,5.0,8.0,59.0,57.0
 2021-02-06T09:01:50,2021.0,2.0,6.0,5.0,5.0,9.0,1.0,50.0
 2021-02-06T09:14:29,2021.0,2.0,6.0,5.0,5.0,9.0,14.0,29.0
 2021-02-06T09:16:08,2021.0,2.0,6.0,5.0,5.0,9.0,16.0,8.0
 2021-02-06T13:56:18,2021.0,2.0,6.0,5.0,5.0,13.0,56.0,18.0
 2021-02-06T13:57:37,2021.0,2.0,6.0,5.0,5.0,13.0,57.0,37.0
 2021-02-07T09:42:10,2021.0,2.0,7.0,5.0,6.0,9.0,42.0,10.0
 2021-02-07T09:43:42,2021.0,2.0,7.0,5.0,6.0,9.0,43.0,42.0
 2021-02-07T14:33:01,2021.0,2.0,7.0,5.0,6.0,14.0,33.0,1.0
 2021-02-07T14:34:22,2021.0,2.0,7.0,5.0,6.0,14.0,34.0,22.0
 2021-02-07T14:36:02,2021.0,2.0,7.0,5.0,6.0,14.0,36.0,2.0
 2021-02-08T11:54:54,2021.0,2.0,8.0,6.0,0.0,11.0,54.0,54.0
 2021-02-08T12:06:10,2021.0,2.0,8.0,6.0,0.0,12.0,6.0,10.0
 2021-02-08T12:07:41,2021.0,2.0,8.0,6.0,0.0,12.0,7.0,41.0
 2021-02-08T17:54:35,2021.0,2.0,8.0,6.0,0.0,17.0,54.0,35.0
 2021-02-08T17:55:41,2021.0,2.0,8.0,6.0,0.0,17.0,55.0,41.0
 2021-02-09T09:56:58,2021.0,2.0,9.0,6.0,1.0,9.0,56.0,58.0
 2021-02-09T09:58:27,2021.0,2.0,9.0,6.0,1.0,9.0,58.0,27.0
 2021-02-09T14:21:22,2021.0,2.0,9.0,6.0,1.0,14.0,21.0,22.0
 2021-02-11T15:59:02,2021.0,2.0,11.0,6.0,3.0,15.0,59.0,2.0
 2021-02-12T18:41:24,2021.0,2.0,12.0,6.0,4.0,18.0,41.0,24.0
 2021-02-13T09:17:07,2021.0,2.0,13.0,6.0,5.0,9.0,17.0,7.0
 2021-02-13T09:18:30,2021.0,2.0,13.0,6.0,5.0,9.0,18.0,30.0
 2021-02-13T14:37:32,2021.0,2.0,13.0,6.0,5.0,14.0,37.0,32.0
 2021-02-13T18:23:50,2021.0,2.0,13.0,6.0,5.0,18.0,23.0,50.0
 2021-02-13T18:24:43,2021.0,2.0,13.0,6.0,5.0,18.0,24.0,43.0
 2021-02-14T10:56:45,2021.0,2.0,14.0,6.0,6.0,10.0,56.0,45.0
 2021-02-14T10:58:09,2021.0,2.0,14.0,6.0,6.0,10.0,58.0,9.0
 2021-02-15T09:31:55,2021.0,2.0,15.0,7.0,0.0,9.0,31.0,55.0
 2021-02-15T16:44:30,2021.0,2.0,15.0,7.0,0.0,16.0,44.0,30.0
 2021-02-15T16:46:28,2021.0,2.0,15.0,7.0,0.0,16.0,46.0,28.0
 2021-02-16T09:30:43,2021.0,2.0,16.0,7.0,1.0,9.0,30.0,43.0
 2021-02-16T09:35:00,2021.0,2.0,16.0,7.0,1.0,9.0,35.0,0.0
 2021-02-16T11:48:03,2021.0,2.0,16.0,7.0,1.0,11.0,48.0,3.0
 2021-02-16T11:49:20,2021.0,2.0,16.0,7.0,1.0,11.0,49.0,20.0
 2021-02-16T11:50:21,2021.0,2.0,16.0,7.0,1.0,11.0,50.0,21.0
 2021-02-16T11:51:32,2021.0,2.0,16.0,7.0,1.0,11.0,51.0,32.0
 2021-02-16T11:52:55,2021.0,2.0,16.0,7.0,1.0,11.0,52.0,55.0
 2021-02-16T18:58:18,2021.0,2.0,16.0,7.0,1.0,18.0,58.0,18.0
 2021-02-16T18:59:06,2021.0,2.0,16.0,7.0,1.0,18.0,59.0,6.0
 2021-02-17T12:28:25,2021.0,2.0,17.0,7.0,2.0,12.0,28.0,25.0
 2021-02-17T12:29:46,2021.0,2.0,17.0,7.0,2.0,12.0,29.0,46.0
 2021-02-17T18:28:56,2021.0,2.0,17.0,7.0,2.0,18.0,28.0,56.0
 2021-02-17T18:30:21,2021.0,2.0,17.0,7.0,2.0,18.0,30.0,21.0
 2021-01-21T16:28:26,2021.0,1.0,21.0,3.0,3.0,16.0,28.0,26.0
 2021-01-22T11:07:52,2021.0,1.0,22.0,3.0,4.0,11.0,7.0,52.0
 2021-01-23T10:28:12,2021.0,1.0,23.0,3.0,5.0,10.0,28.0,12.0
 2021-01-24T10:47:24,2021.0,1.0,24.0,3.0,6.0,10.0,47.0,24.0
 2021-01-27T08:17:37,2021.0,1.0,27.0,4.0,2.0,8.0,17.0,37.0
 2021-01-28T09:29:32,2021.0,1.0,28.0,4.0,3.0,9.0,29.0,32.0
 2021-01-28T09:31:16,2021.0,1.0,28.0,4.0,3.0,9.0,31.0,16.0
 2021-01-28T10:16:08,2021.0,1.0,28.0,4.0,3.0,10.0,16.0,8.0
 2021-01-29T08:48:49,2021.0,1.0,29.0,4.0,4.0,8.0,48.0,49.0
 2021-01-29T08:51:05,2021.0,1.0,29.0,4.0,4.0,8.0,51.0,5.0
 2021-01-30T10:29:37,2021.0,1.0,30.0,4.0,5.0,10.0,29.0,37.0
 2021-01-31T12:32:49,2021.0,1.0,31.0,4.0,6.0,12.0,32.0,49.0
 2021-02-01T09:12:00,2021.0,2.0,1.0,5.0,0.0,9.0,12.0,0.0
 2021-02-01T09:12:50,2021.0,2.0,1.0,5.0,0.0,9.0,12.0,50.0
 2021-02-02T09:18:38,2021.0,2.0,2.0,5.0,1.0,9.0,18.0,38.0
 2021-02-02T09:21:45,2021.0,2.0,2.0,5.0,1.0,9.0,21.0,45.0
 2021-02-02T09:22:52,2021.0,2.0,2.0,5.0,1.0,9.0,22.0,52.0
 2021-02-02T09:26:18,2021.0,2.0,2.0,5.0,1.0,9.0,26.0,18.0
 2021-02-02T09:28:43,2021.0,2.0,2.0,5.0,1.0,9.0,28.0,43.0
 2021-02-02T09:30:33,2021.0,2.0,2.0,5.0,1.0,9.0,30.0,33.0
 2021-02-03T08:32:37,2021.0,2.0,3.0,5.0,2.0,8.0,32.0,37.0
 2021-02-04T08:54:19,2021.0,2.0,4.0,5.0,3.0,8.0,54.0,19.0
 2021-02-04T09:38:40,2021.0,2.0,4.0,5.0,3.0,9.0,38.0,40.0
 2021-02-05T10:20:02,2021.0,2.0,5.0,5.0,4.0,10.0,20.0,2.0
 2021-02-06T09:06:45,2021.0,2.0,6.0,5.0,5.0,9.0,6.0,45.0
 2021-02-07T09:51:23,2021.0,2.0,7.0,5.0,6.0,9.0,51.0,23.0
 2021-02-07T09:58:06,2021.0,2.0,7.0,5.0,6.0,9.0,58.0,6.0
 2021-02-07T10:00:11,2021.0,2.0,7.0,5.0,6.0,10.0,0.0,11.0
 2021-02-07T10:02:58,2021.0,2.0,7.0,5.0,6.0,10.0,2.0,58.0
 2021-02-07T10:06:18,2021.0,2.0,7.0,5.0,6.0,10.0,6.0,18.0
 2021-02-07T10:08:05,2021.0,2.0,7.0,5.0,6.0,10.0,8.0,5.0
 2021-02-07T10:10:56,2021.0,2.0,7.0,5.0,6.0,10.0,10.0,56.0
 2021-02-07T10:13:09,2021.0,2.0,7.0,5.0,6.0,10.0,13.0,9.0
 2021-02-07T10:37:56,2021.0,2.0,7.0,5.0,6.0,10.0,37.0,56.0
 2021-02-07T10:40:16,2021.0,2.0,7.0,5.0,6.0,10.0,40.0,16.0
 2021-02-07T10:43:17,2021.0,2.0,7.0,5.0,6.0,10.0,43.0,17.0
 2021-02-07T10:44:23,2021.0,2.0,7.0,5.0,6.0,10.0,44.0,23.0
 2021-02-08T10:59:36,2021.0,2.0,8.0,6.0,0.0,10.0,59.0,36.0
 2021-02-08T11:04:23,2021.0,2.0,8.0,6.0,0.0,11.0,4.0,23.0
 2021-02-09T08:31:29,2021.0,2.0,9.0,6.0,1.0,8.0,31.0,29.0
 2021-02-10T08:05:47,2021.0,2.0,10.0,6.0,2.0,8.0,5.0,47.0
 2021-02-10T08:07:07,2021.0,2.0,10.0,6.0,2.0,8.0,7.0,7.0
 2021-02-11T16:20:10,2021.0,2.0,11.0,6.0,3.0,16.0,20.0,10.0
 2021-02-13T08:43:05,2021.0,2.0,13.0,6.0,5.0,8.0,43.0,5.0
 2021-02-13T08:45:15,2021.0,2.0,13.0,6.0,5.0,8.0,45.0,15.0
 2021-02-13T08:46:57,2021.0,2.0,13.0,6.0,5.0,8.0,46.0,57.0
 2021-02-13T08:49:17,2021.0,2.0,13.0,6.0,5.0,8.0,49.0,17.0
 2021-02-14T08:52:01,2021.0,2.0,14.0,6.0,6.0,8.0,52.0,1.0
 2021-02-14T08:53:40,2021.0,2.0,14.0,6.0,6.0,8.0,53.0,40.0
 2021-02-14T08:57:18,2021.0,2.0,14.0,6.0,6.0,8.0,57.0,18.0
 2021-02-14T09:00:14,2021.0,2.0,14.0,6.0,6.0,9.0,0.0,14.0
 2021-02-14T09:02:34,2021.0,2.0,14.0,6.0,6.0,9.0,2.0,34.0
 2021-02-14T09:03:55,2021.0,2.0,14.0,6.0,6.0,9.0,3.0,55.0
 2021-02-14T12:32:24,2021.0,2.0,14.0,6.0,6.0,12.0,32.0,24.0
 2021-02-15T11:12:05,2021.0,2.0,15.0,7.0,0.0,11.0,12.0,5.0
 2021-02-15T11:13:43,2021.0,2.0,15.0,7.0,0.0,11.0,13.0,43.0
 2021-02-15T11:15:07,2021.0,2.0,15.0,7.0,0.0,11.0,15.0,7.0
 2021-02-15T11:17:37,2021.0,2.0,15.0,7.0,0.0,11.0,17.0,37.0
 2021-02-16T09:33:20,2021.0,2.0,16.0,7.0,1.0,9.0,33.0,20.0
 2021-02-16T09:35:29,2021.0,2.0,16.0,7.0,1.0,9.0,35.0,29.0
 2021-02-16T09:36:39,2021.0,2.0,16.0,7.0,1.0,9.0,36.0,39.0
 2021-02-16T09:38:49,2021.0,2.0,16.0,7.0,1.0,9.0,38.0,49.0
 2021-02-17T10:57:25,2021.0,2.0,17.0,7.0,2.0,10.0,57.0,25.0
 2021-02-17T10:58:33,2021.0,2.0,17.0,7.0,2.0,10.0,58.0,33.0
 2021-02-17T11:00:14,2021.0,2.0,17.0,7.0,2.0,11.0,0.0,14.0
 2021-02-17T11:01:51,2021.0,2.0,17.0,7.0,2.0,11.0,1.0,51.0
 2021-01-22T10:10:03,2021.0,1.0,22.0,3.0,4.0,10.0,10.0,3.0
 2021-01-22T10:11:26,2021.0,1.0,22.0,3.0,4.0,10.0,11.0,26.0
 2021-01-22T18:34:33,2021.0,1.0,22.0,3.0,4.0,18.0,34.0,33.0
 2021-01-23T07:54:40,2021.0,1.0,23.0,3.0,5.0,7.0,54.0,40.0
 2021-01-23T07:56:37,2021.0,1.0,23.0,3.0,5.0,7.0,56.0,37.0
 2021-01-23T08:49:34,2021.0,1.0,23.0,3.0,5.0,8.0,49.0,34.0
 2021-01-23T13:53:56,2021.0,1.0,23.0,3.0,5.0,13.0,53.0,56.0
 2021-01-23T14:46:19,2021.0,1.0,23.0,3.0,5.0,14.0,46.0,19.0
 2021-01-23T15:04:23,2021.0,1.0,23.0,3.0,5.0,15.0,4.0,23.0
 2021-01-23T15:06:09,2021.0,1.0,23.0,3.0,5.0,15.0,6.0,9.0
 2021-01-23T15:17:53,2021.0,1.0,23.0,3.0,5.0,15.0,17.0,53.0
 2021-01-23T22:41:23,2021.0,1.0,23.0,3.0,5.0,22.0,41.0,23.0
 2021-01-24T06:01:15,2021.0,1.0,24.0,3.0,6.0,6.0,1.0,15.0
 2021-01-24T06:03:55,2021.0,1.0,24.0,3.0,6.0,6.0,3.0,55.0
 2021-01-24T06:06:54,2021.0,1.0,24.0,3.0,6.0,6.0,6.0,54.0
 2021-01-24T23:33:11,2021.0,1.0,24.0,3.0,6.0,23.0,33.0,11.0
 2021-01-25T05:51:55,2021.0,1.0,25.0,4.0,0.0,5.0,51.0,55.0
 2021-01-25T06:22:53,2021.0,1.0,25.0,4.0,0.0,6.0,22.0,53.0
 2021-01-25T22:51:39,2021.0,1.0,25.0,4.0,0.0,22.0,51.0,39.0
 2021-01-26T06:48:42,2021.0,1.0,26.0,4.0,1.0,6.0,48.0,42.0
 2021-01-26T06:58:25,2021.0,1.0,26.0,4.0,1.0,6.0,58.0,25.0
 2021-01-26T23:25:39,2021.0,1.0,26.0,4.0,1.0,23.0,25.0,39.0
 2021-01-26T23:27:39,2021.0,1.0,26.0,4.0,1.0,23.0,27.0,39.0
 2021-01-26T23:29:24,2021.0,1.0,26.0,4.0,1.0,23.0,29.0,24.0
 2021-01-27T07:13:52,2021.0,1.0,27.0,4.0,2.0,7.0,13.0,52.0
 2021-01-27T07:20:52,2021.0,1.0,27.0,4.0,2.0,7.0,20.0,52.0
 2021-01-27T07:23:28,2021.0,1.0,27.0,4.0,2.0,7.0,23.0,28.0
 2021-01-27T07:27:38,2021.0,1.0,27.0,4.0,2.0,7.0,27.0,38.0
 2021-01-27T22:40:14,2021.0,1.0,27.0,4.0,2.0,22.0,40.0,14.0
 2021-01-27T22:43:03,2021.0,1.0,27.0,4.0,2.0,22.0,43.0,3.0
 2021-01-27T22:45:57,2021.0,1.0,27.0,4.0,2.0,22.0,45.0,57.0
 2021-01-28T05:32:00,2021.0,1.0,28.0,4.0,3.0,5.0,32.0,0.0
 2021-01-28T05:35:49,2021.0,1.0,28.0,4.0,3.0,5.0,35.0,49.0
 2021-01-28T22:02:50,2021.0,1.0,28.0,4.0,3.0,22.0,2.0,50.0
 2021-01-29T05:06:02,2021.0,1.0,29.0,4.0,4.0,5.0,6.0,2.0
 2021-01-29T05:08:35,2021.0,1.0,29.0,4.0,4.0,5.0,8.0,35.0
 2021-01-29T05:14:42,2021.0,1.0,29.0,4.0,4.0,5.0,14.0,42.0
 2021-01-29T22:27:28,2021.0,1.0,29.0,4.0,4.0,22.0,27.0,28.0
 2021-01-30T06:19:57,2021.0,1.0,30.0,4.0,5.0,6.0,19.0,57.0
 2021-01-30T06:21:59,2021.0,1.0,30.0,4.0,5.0,6.0,21.0,59.0
 2021-01-30T21:54:00,2021.0,1.0,30.0,4.0,5.0,21.0,54.0,0.0
 2021-01-30T21:55:26,2021.0,1.0,30.0,4.0,5.0,21.0,55.0,26.0
 2021-01-31T06:27:30,2021.0,1.0,31.0,4.0,6.0,6.0,27.0,30.0
 2021-01-31T20:28:16,2021.0,1.0,31.0,4.0,6.0,20.0,28.0,16.0
 2021-02-01T07:04:22,2021.0,2.0,1.0,5.0,0.0,7.0,4.0,22.0
 2021-02-01T07:09:58,2021.0,2.0,1.0,5.0,0.0,7.0,9.0,58.0
 2021-02-01T21:40:39,2021.0,2.0,1.0,5.0,0.0,21.0,40.0,39.0
 2021-02-02T06:02:17,2021.0,2.0,2.0,5.0,1.0,6.0,2.0,17.0
 2021-02-02T06:06:53,2021.0,2.0,2.0,5.0,1.0,6.0,6.0,53.0
 2021-02-02T06:12:27,2021.0,2.0,2.0,5.0,1.0,6.0,12.0,27.0
 2021-02-02T22:37:23,2021.0,2.0,2.0,5.0,1.0,22.0,37.0,23.0
 2021-02-03T07:10:20,2021.0,2.0,3.0,5.0,2.0,7.0,10.0,20.0
 2021-02-03T07:19:53,2021.0,2.0,3.0,5.0,2.0,7.0,19.0,53.0
 2021-02-03T23:03:43,2021.0,2.0,3.0,5.0,2.0,23.0,3.0,43.0
 2021-02-03T23:07:22,2021.0,2.0,3.0,5.0,2.0,23.0,7.0,22.0
 2021-02-04T05:32:43,2021.0,2.0,4.0,5.0,3.0,5.0,32.0,43.0
 2021-02-04T05:35:20,2021.0,2.0,4.0,5.0,3.0,5.0,35.0,20.0
 2021-02-04T06:03:08,2021.0,2.0,4.0,5.0,3.0,6.0,3.0,8.0
 2021-02-04T21:29:03,2021.0,2.0,4.0,5.0,3.0,21.0,29.0,3.0
 2021-02-04T21:30:45,2021.0,2.0,4.0,5.0,3.0,21.0,30.0,45.0
 2021-02-05T04:39:11,2021.0,2.0,5.0,5.0,4.0,4.0,39.0,11.0
 2021-02-05T04:42:55,2021.0,2.0,5.0,5.0,4.0,4.0,42.0,55.0
 2021-02-05T21:00:57,2021.0,2.0,5.0,5.0,4.0,21.0,0.0,57.0
 2021-02-05T21:04:03,2021.0,2.0,5.0,5.0,4.0,21.0,4.0,3.0
 2021-02-05T21:07:35,2021.0,2.0,5.0,5.0,4.0,21.0,7.0,35.0
 2021-02-06T07:15:57,2021.0,2.0,6.0,5.0,5.0,7.0,15.0,57.0
 2021-02-06T07:18:05,2021.0,2.0,6.0,5.0,5.0,7.0,18.0,5.0
 2021-02-06T07:20:54,2021.0,2.0,6.0,5.0,5.0,7.0,20.0,54.0
 2021-02-06T07:22:28,2021.0,2.0,6.0,5.0,5.0,7.0,22.0,28.0
 2021-02-06T21:24:26,2021.0,2.0,6.0,5.0,5.0,21.0,24.0,26.0
 2021-02-07T06:57:10,2021.0,2.0,7.0,5.0,6.0,6.0,57.0,10.0
 2021-02-07T06:59:07,2021.0,2.0,7.0,5.0,6.0,6.0,59.0,7.0
 2021-02-07T07:00:50,2021.0,2.0,7.0,5.0,6.0,7.0,0.0,50.0
 2021-02-07T07:03:07,2021.0,2.0,7.0,5.0,6.0,7.0,3.0,7.0
 2021-02-07T22:48:41,2021.0,2.0,7.0,5.0,6.0,22.0,48.0,41.0
 2021-02-07T22:50:11,2021.0,2.0,7.0,5.0,6.0,22.0,50.0,11.0
 2021-02-08T06:36:13,2021.0,2.0,8.0,6.0,0.0,6.0,36.0,13.0
 2021-02-08T06:38:28,2021.0,2.0,8.0,6.0,0.0,6.0,38.0,28.0
 2021-02-08T22:21:30,2021.0,2.0,8.0,6.0,0.0,22.0,21.0,30.0
 2021-02-09T05:14:32,2021.0,2.0,9.0,6.0,1.0,5.0,14.0,32.0
 2021-02-09T05:17:27,2021.0,2.0,9.0,6.0,1.0,5.0,17.0,27.0
 2021-02-09T05:20:50,2021.0,2.0,9.0,6.0,1.0,5.0,20.0,50.0
 2021-02-10T05:30:10,2021.0,2.0,10.0,6.0,2.0,5.0,30.0,10.0
 2021-02-10T05:34:19,2021.0,2.0,10.0,6.0,2.0,5.0,34.0,19.0
 2021-02-11T16:40:54,2021.0,2.0,11.0,6.0,3.0,16.0,40.0,54.0
 2021-02-12T20:52:19,2021.0,2.0,12.0,6.0,4.0,20.0,52.0,19.0
 2021-02-12T20:53:51,2021.0,2.0,12.0,6.0,4.0,20.0,53.0,51.0
 2021-02-12T20:55:31,2021.0,2.0,12.0,6.0,4.0,20.0,55.0,31.0
 2021-02-12T20:58:11,2021.0,2.0,12.0,6.0,4.0,20.0,58.0,11.0
 2021-02-13T06:58:46,2021.0,2.0,13.0,6.0,5.0,6.0,58.0,46.0
 2021-02-13T07:03:22,2021.0,2.0,13.0,6.0,5.0,7.0,3.0,22.0
 2021-02-13T07:05:30,2021.0,2.0,13.0,6.0,5.0,7.0,5.0,30.0
 2021-02-13T07:08:17,2021.0,2.0,13.0,6.0,5.0,7.0,8.0,17.0
 2021-02-13T09:52:23,2021.0,2.0,13.0,6.0,5.0,9.0,52.0,23.0
 2021-02-13T09:53:34,2021.0,2.0,13.0,6.0,5.0,9.0,53.0,34.0
 2021-02-14T07:26:02,2021.0,2.0,14.0,6.0,6.0,7.0,26.0,2.0
 2021-02-14T07:27:53,2021.0,2.0,14.0,6.0,6.0,7.0,27.0,53.0
 2021-02-14T07:30:18,2021.0,2.0,14.0,6.0,6.0,7.0,30.0,18.0
 2021-02-14T07:32:09,2021.0,2.0,14.0,6.0,6.0,7.0,32.0,9.0
 2021-02-14T09:14:45,2021.0,2.0,14.0,6.0,6.0,9.0,14.0,45.0
 2021-02-14T21:55:51,2021.0,2.0,14.0,6.0,6.0,21.0,55.0,51.0
 2021-02-14T21:56:58,2021.0,2.0,14.0,6.0,6.0,21.0,56.0,58.0
 2021-02-14T21:59:28,2021.0,2.0,14.0,6.0,6.0,21.0,59.0,28.0
 2021-02-15T06:58:21,2021.0,2.0,15.0,7.0,0.0,6.0,58.0,21.0
 2021-02-16T07:52:13,2021.0,2.0,16.0,7.0,1.0,7.0,52.0,13.0
 2021-02-16T07:53:53,2021.0,2.0,16.0,7.0,1.0,7.0,53.0,53.0
 2021-02-17T07:47:58,2021.0,2.0,17.0,7.0,2.0,7.0,47.0,58.0
 2021-02-17T07:49:45,2021.0,2.0,17.0,7.0,2.0,7.0,49.0,45.0
 2021-02-17T21:23:13,2021.0,2.0,17.0,7.0,2.0,21.0,23.0,13.0
 2021-02-17T21:25:33,2021.0,2.0,17.0,7.0,2.0,21.0,25.0,33.0
 2021-01-27T16:50:52,2021.0,1.0,27.0,4.0,2.0,16.0,50.0,52.0
 2021-01-29T16:19:23,2021.0,1.0,29.0,4.0,4.0,16.0,19.0,23.0
 2021-01-30T06:39:44,2021.0,1.0,30.0,4.0,5.0,6.0,39.0,44.0
 2021-02-01T09:09:01,2021.0,2.0,1.0,5.0,0.0,9.0,9.0,1.0
 2021-02-02T16:53:20,2021.0,2.0,2.0,5.0,1.0,16.0,53.0,20.0
 2021-02-03T07:40:31,2021.0,2.0,3.0,5.0,2.0,7.0,40.0,31.0
 2021-02-03T07:41:41,2021.0,2.0,3.0,5.0,2.0,7.0,41.0,41.0
 2021-02-03T07:42:38,2021.0,2.0,3.0,5.0,2.0,7.0,42.0,38.0
 2021-02-03T07:44:18,2021.0,2.0,3.0,5.0,2.0,7.0,44.0,18.0
 2021-02-04T08:58:55,2021.0,2.0,4.0,5.0,3.0,8.0,58.0,55.0
 2021-02-05T08:43:05,2021.0,2.0,5.0,5.0,4.0,8.0,43.0,5.0
 2021-02-07T08:46:04,2021.0,2.0,7.0,5.0,6.0,8.0,46.0,4.0
 2021-02-09T07:33:38,2021.0,2.0,9.0,6.0,1.0,7.0,33.0,38.0
 2021-02-13T05:30:26,2021.0,2.0,13.0,6.0,5.0,5.0,30.0,26.0
 2021-02-13T05:46:05,2021.0,2.0,13.0,6.0,5.0,5.0,46.0,5.0
 2021-02-13T09:27:17,2021.0,2.0,13.0,6.0,5.0,9.0,27.0,17.0
 2021-01-28T13:31:16,2021.0,1.0,28.0,4.0,3.0,13.0,31.0,16.0
 2021-01-29T08:39:01,2021.0,1.0,29.0,4.0,4.0,8.0,39.0,1.0
 2021-01-29T08:40:20,2021.0,1.0,29.0,4.0,4.0,8.0,40.0,20.0
 2021-01-29T08:42:16,2021.0,1.0,29.0,4.0,4.0,8.0,42.0,16.0
 2021-01-29T08:43:25,2021.0,1.0,29.0,4.0,4.0,8.0,43.0,25.0
 2021-01-30T08:53:33,2021.0,1.0,30.0,4.0,5.0,8.0,53.0,33.0
 2021-01-30T08:54:44,2021.0,1.0,30.0,4.0,5.0,8.0,54.0,44.0
 2021-01-30T08:55:20,2021.0,1.0,30.0,4.0,5.0,8.0,55.0,20.0
 2021-01-30T08:56:47,2021.0,1.0,30.0,4.0,5.0,8.0,56.0,47.0
 2021-01-30T08:59:26,2021.0,1.0,30.0,4.0,5.0,8.0,59.0,26.0
 2021-01-30T09:01:07,2021.0,1.0,30.0,4.0,5.0,9.0,1.0,7.0
 2021-01-30T09:03:06,2021.0,1.0,30.0,4.0,5.0,9.0,3.0,6.0
 2021-01-30T09:04:08,2021.0,1.0,30.0,4.0,5.0,9.0,4.0,8.0
 2021-01-31T08:45:00,2021.0,1.0,31.0,4.0,6.0,8.0,45.0,0.0
 2021-01-31T08:46:13,2021.0,1.0,31.0,4.0,6.0,8.0,46.0,13.0
 2021-01-31T08:47:17,2021.0,1.0,31.0,4.0,6.0,8.0,47.0,17.0
 2021-02-02T08:13:40,2021.0,2.0,2.0,5.0,1.0,8.0,13.0,40.0
 2021-02-02T08:14:40,2021.0,2.0,2.0,5.0,1.0,8.0,14.0,40.0
 2021-02-02T08:15:35,2021.0,2.0,2.0,5.0,1.0,8.0,15.0,35.0
 2021-02-02T08:16:28,2021.0,2.0,2.0,5.0,1.0,8.0,16.0,28.0
 2021-02-03T09:07:48,2021.0,2.0,3.0,5.0,2.0,9.0,7.0,48.0
 2021-02-03T09:08:47,2021.0,2.0,3.0,5.0,2.0,9.0,8.0,47.0
 2021-02-03T09:09:39,2021.0,2.0,3.0,5.0,2.0,9.0,9.0,39.0
 2021-02-03T09:10:33,2021.0,2.0,3.0,5.0,2.0,9.0,10.0,33.0
 2021-02-04T10:04:45,2021.0,2.0,4.0,5.0,3.0,10.0,4.0,45.0
 2021-02-04T10:05:41,2021.0,2.0,4.0,5.0,3.0,10.0,5.0,41.0
 2021-02-04T10:06:37,2021.0,2.0,4.0,5.0,3.0,10.0,6.0,37.0
 2021-02-04T10:07:30,2021.0,2.0,4.0,5.0,3.0,10.0,7.0,30.0
 2021-02-05T11:48:33,2021.0,2.0,5.0,5.0,4.0,11.0,48.0,33.0
 2021-02-05T11:49:50,2021.0,2.0,5.0,5.0,4.0,11.0,49.0,50.0
 2021-02-05T11:51:13,2021.0,2.0,5.0,5.0,4.0,11.0,51.0,13.0
 2021-02-05T11:52:16,2021.0,2.0,5.0,5.0,4.0,11.0,52.0,16.0
 2021-02-05T11:53:11,2021.0,2.0,5.0,5.0,4.0,11.0,53.0,11.0
 2021-02-05T11:54:04,2021.0,2.0,5.0,5.0,4.0,11.0,54.0,4.0
 2021-02-06T09:24:55,2021.0,2.0,6.0,5.0,5.0,9.0,24.0,55.0
 2021-02-06T09:26:00,2021.0,2.0,6.0,5.0,5.0,9.0,26.0,0.0
 2021-02-06T09:26:54,2021.0,2.0,6.0,5.0,5.0,9.0,26.0,54.0
 2021-02-07T08:39:36,2021.0,2.0,7.0,5.0,6.0,8.0,39.0,36.0
 2021-02-07T08:40:49,2021.0,2.0,7.0,5.0,6.0,8.0,40.0,49.0
 2021-02-07T08:41:49,2021.0,2.0,7.0,5.0,6.0,8.0,41.0,49.0
 2021-02-07T08:42:45,2021.0,2.0,7.0,5.0,6.0,8.0,42.0,45.0
 2021-02-08T08:58:52,2021.0,2.0,8.0,6.0,0.0,8.0,58.0,52.0
 2021-02-08T09:00:03,2021.0,2.0,8.0,6.0,0.0,9.0,0.0,3.0
 2021-02-09T09:54:27,2021.0,2.0,9.0,6.0,1.0,9.0,54.0,27.0
 2021-02-10T12:19:04,2021.0,2.0,10.0,6.0,2.0,12.0,19.0,4.0
 2021-02-10T21:25:37,2021.0,2.0,10.0,6.0,2.0,21.0,25.0,37.0
 2021-02-10T22:49:02,2021.0,2.0,10.0,6.0,2.0,22.0,49.0,2.0
 2021-02-11T11:53:59,2021.0,2.0,11.0,6.0,3.0,11.0,53.0,59.0
 2021-02-14T09:26:32,2021.0,2.0,14.0,6.0,6.0,9.0,26.0,32.0
 2021-02-14T09:27:33,2021.0,2.0,14.0,6.0,6.0,9.0,27.0,33.0
 2021-02-14T15:53:26,2021.0,2.0,14.0,6.0,6.0,15.0,53.0,26.0
 2021-02-15T18:23:59,2021.0,2.0,15.0,7.0,0.0,18.0,23.0,59.0
 2021-02-15T18:25:17,2021.0,2.0,15.0,7.0,0.0,18.0,25.0,17.0
 2021-02-15T18:26:21,2021.0,2.0,15.0,7.0,0.0,18.0,26.0,21.0
 2021-02-15T18:27:31,2021.0,2.0,15.0,7.0,0.0,18.0,27.0,31.0
 2021-01-26T15:19:20,2021.0,1.0,26.0,4.0,1.0,15.0,19.0,20.0
 2021-01-26T15:20:23,2021.0,1.0,26.0,4.0,1.0,15.0,20.0,23.0
 2021-01-27T06:55:00,2021.0,1.0,27.0,4.0,2.0,6.0,55.0,0.0
 2021-01-28T06:30:59,2021.0,1.0,28.0,4.0,3.0,6.0,30.0,59.0
 2021-01-29T06:09:29,2021.0,1.0,29.0,4.0,4.0,6.0,9.0,29.0
 2021-01-22T20:30:28,2021.0,1.0,22.0,3.0,4.0,20.0,30.0,28.0
 2021-01-27T11:01:24,2021.0,1.0,27.0,4.0,2.0,11.0,1.0,24.0
 2021-01-27T11:02:39,2021.0,1.0,27.0,4.0,2.0,11.0,2.0,39.0
 2021-01-28T07:39:35,2021.0,1.0,28.0,4.0,3.0,7.0,39.0,35.0
 2021-01-28T08:34:05,2021.0,1.0,28.0,4.0,3.0,8.0,34.0,5.0
 2021-01-29T07:25:54,2021.0,1.0,29.0,4.0,4.0,7.0,25.0,54.0
 2021-01-30T07:23:38,2021.0,1.0,30.0,4.0,5.0,7.0,23.0,38.0
 2021-01-31T07:55:01,2021.0,1.0,31.0,4.0,6.0,7.0,55.0,1.0
 2021-02-02T07:19:28,2021.0,2.0,2.0,5.0,1.0,7.0,19.0,28.0
 2021-02-03T07:52:56,2021.0,2.0,3.0,5.0,2.0,7.0,52.0,56.0
 2021-02-04T08:44:12,2021.0,2.0,4.0,5.0,3.0,8.0,44.0,12.0
 2021-02-07T08:40:52,2021.0,2.0,7.0,5.0,6.0,8.0,40.0,52.0
 2021-02-11T16:05:00,2021.0,2.0,11.0,6.0,3.0,16.0,5.0,0.0
 2021-02-11T16:07:49,2021.0,2.0,11.0,6.0,3.0,16.0,7.0,49.0
 2021-02-13T07:19:53,2021.0,2.0,13.0,6.0,5.0,7.0,19.0,53.0
 2021-01-25T13:11:43,2021.0,1.0,25.0,4.0,0.0,13.0,11.0,43.0
 2021-01-26T05:33:16,2021.0,1.0,26.0,4.0,1.0,5.0,33.0,16.0
 2021-01-27T06:12:08,2021.0,1.0,27.0,4.0,2.0,6.0,12.0,8.0
 2021-01-27T22:07:14,2021.0,1.0,27.0,4.0,2.0,22.0,7.0,14.0
 2021-01-28T18:13:32,2021.0,1.0,28.0,4.0,3.0,18.0,13.0,32.0
 2021-01-29T07:40:28,2021.0,1.0,29.0,4.0,4.0,7.0,40.0,28.0
 2021-01-30T06:50:07,2021.0,1.0,30.0,4.0,5.0,6.0,50.0,7.0
 2021-01-31T06:25:54,2021.0,1.0,31.0,4.0,6.0,6.0,25.0,54.0
 2021-02-01T06:26:02,2021.0,2.0,1.0,5.0,0.0,6.0,26.0,2.0
 2021-02-02T07:05:22,2021.0,2.0,2.0,5.0,1.0,7.0,5.0,22.0
 2021-02-03T06:03:45,2021.0,2.0,3.0,5.0,2.0,6.0,3.0,45.0
 2021-02-04T06:52:03,2021.0,2.0,4.0,5.0,3.0,6.0,52.0,3.0
 2021-02-05T06:03:56,2021.0,2.0,5.0,5.0,4.0,6.0,3.0,56.0
 2021-02-06T06:52:19,2021.0,2.0,6.0,5.0,5.0,6.0,52.0,19.0
 2021-02-07T06:51:56,2021.0,2.0,7.0,5.0,6.0,6.0,51.0,56.0
 2021-02-08T05:10:27,2021.0,2.0,8.0,6.0,0.0,5.0,10.0,27.0
 2021-02-09T05:08:48,2021.0,2.0,9.0,6.0,1.0,5.0,8.0,48.0
 2021-02-10T05:13:17,2021.0,2.0,10.0,6.0,2.0,5.0,13.0,17.0
 2021-02-11T16:52:12,2021.0,2.0,11.0,6.0,3.0,16.0,52.0,12.0
 2021-02-12T05:09:30,2021.0,2.0,12.0,6.0,4.0,5.0,9.0,30.0
 2021-02-13T05:16:03,2021.0,2.0,13.0,6.0,5.0,5.0,16.0,3.0
 2021-02-14T06:34:04,2021.0,2.0,14.0,6.0,6.0,6.0,34.0,4.0
 2021-02-15T05:10:41,2021.0,2.0,15.0,7.0,0.0,5.0,10.0,41.0
 2021-02-16T06:18:03,2021.0,2.0,16.0,7.0,1.0,6.0,18.0,3.0
 2021-02-17T05:43:46,2021.0,2.0,17.0,7.0,2.0,5.0,43.0,46.0
 2021-01-24T13:14:21,2021.0,1.0,24.0,3.0,6.0,13.0,14.0,21.0
 2021-01-25T06:22:25,2021.0,1.0,25.0,4.0,0.0,6.0,22.0,25.0
 2021-01-26T06:23:34,2021.0,1.0,26.0,4.0,1.0,6.0,23.0,34.0
 2021-01-27T05:52:58,2021.0,1.0,27.0,4.0,2.0,5.0,52.0,58.0
 2021-01-28T06:22:24,2021.0,1.0,28.0,4.0,3.0,6.0,22.0,24.0
 2021-01-28T06:24:42,2021.0,1.0,28.0,4.0,3.0,6.0,24.0,42.0
 2021-01-29T06:02:00,2021.0,1.0,29.0,4.0,4.0,6.0,2.0,0.0
 2021-01-30T06:16:32,2021.0,1.0,30.0,4.0,5.0,6.0,16.0,32.0
 2021-01-31T06:15:08,2021.0,1.0,31.0,4.0,6.0,6.0,15.0,8.0
 2021-02-01T06:06:41,2021.0,2.0,1.0,5.0,0.0,6.0,6.0,41.0
 2021-02-01T06:08:28,2021.0,2.0,1.0,5.0,0.0,6.0,8.0,28.0
 2021-02-01T06:12:30,2021.0,2.0,1.0,5.0,0.0,6.0,12.0,30.0
 2021-02-02T06:07:51,2021.0,2.0,2.0,5.0,1.0,6.0,7.0,51.0
 2021-02-03T06:19:03,2021.0,2.0,3.0,5.0,2.0,6.0,19.0,3.0
 2021-02-03T06:20:39,2021.0,2.0,3.0,5.0,2.0,6.0,20.0,39.0
 2021-02-04T05:20:04,2021.0,2.0,4.0,5.0,3.0,5.0,20.0,4.0
 2021-01-28T15:15:45,2021.0,1.0,28.0,4.0,3.0,15.0,15.0,45.0
 2021-01-29T08:17:16,2021.0,1.0,29.0,4.0,4.0,8.0,17.0,16.0
 2021-01-30T07:50:13,2021.0,1.0,30.0,4.0,5.0,7.0,50.0,13.0
 2021-01-21T15:33:10,2021.0,1.0,21.0,3.0,3.0,15.0,33.0,10.0
 2021-01-21T15:34:54,2021.0,1.0,21.0,3.0,3.0,15.0,34.0,54.0
 2021-01-21T21:31:21,2021.0,1.0,21.0,3.0,3.0,21.0,31.0,21.0
 2021-01-28T13:51:20,2021.0,1.0,28.0,4.0,3.0,13.0,51.0,20.0
 2021-01-29T09:02:43,2021.0,1.0,29.0,4.0,4.0,9.0,2.0,43.0
 2021-01-30T08:26:17,2021.0,1.0,30.0,4.0,5.0,8.0,26.0,17.0
 2021-01-31T08:10:31,2021.0,1.0,31.0,4.0,6.0,8.0,10.0,31.0
 2021-02-01T07:33:06,2021.0,2.0,1.0,5.0,0.0,7.0,33.0,6.0
 2021-02-02T07:37:20,2021.0,2.0,2.0,5.0,1.0,7.0,37.0,20.0
 2021-02-03T08:22:28,2021.0,2.0,3.0,5.0,2.0,8.0,22.0,28.0
 2021-02-03T08:24:32,2021.0,2.0,3.0,5.0,2.0,8.0,24.0,32.0
 2021-02-04T07:57:53,2021.0,2.0,4.0,5.0,3.0,7.0,57.0,53.0
 2021-02-05T07:52:10,2021.0,2.0,5.0,5.0,4.0,7.0,52.0,10.0
 2021-02-06T08:00:22,2021.0,2.0,6.0,5.0,5.0,8.0,0.0,22.0
 2021-02-07T08:06:26,2021.0,2.0,7.0,5.0,6.0,8.0,6.0,26.0
 2021-02-08T07:51:14,2021.0,2.0,8.0,6.0,0.0,7.0,51.0,14.0
 2021-02-09T08:08:34,2021.0,2.0,9.0,6.0,1.0,8.0,8.0,34.0
 2021-02-10T07:47:08,2021.0,2.0,10.0,6.0,2.0,7.0,47.0,8.0
 2021-02-11T15:33:58,2021.0,2.0,11.0,6.0,3.0,15.0,33.0,58.0
 2021-01-21T15:46:25,2021.0,1.0,21.0,3.0,3.0,15.0,46.0,25.0
 2021-01-21T21:23:39,2021.0,1.0,21.0,3.0,3.0,21.0,23.0,39.0
 2021-01-21T21:35:21,2021.0,1.0,21.0,3.0,3.0,21.0,35.0,21.0
 2021-01-21T23:18:12,2021.0,1.0,21.0,3.0,3.0,23.0,18.0,12.0
 2021-01-22T07:41:49,2021.0,1.0,22.0,3.0,4.0,7.0,41.0,49.0
 2021-01-22T08:22:21,2021.0,1.0,22.0,3.0,4.0,8.0,22.0,21.0
 2021-01-22T08:51:58,2021.0,1.0,22.0,3.0,4.0,8.0,51.0,58.0
 2021-01-22T16:01:17,2021.0,1.0,22.0,3.0,4.0,16.0,1.0,17.0
 2021-01-22T16:18:46,2021.0,1.0,22.0,3.0,4.0,16.0,18.0,46.0
 2021-01-22T17:22:41,2021.0,1.0,22.0,3.0,4.0,17.0,22.0,41.0
 2021-01-22T19:05:54,2021.0,1.0,22.0,3.0,4.0,19.0,5.0,54.0
 2021-01-22T20:33:42,2021.0,1.0,22.0,3.0,4.0,20.0,33.0,42.0
 2021-01-22T21:04:12,2021.0,1.0,22.0,3.0,4.0,21.0,4.0,12.0
 2021-01-23T10:52:53,2021.0,1.0,23.0,3.0,5.0,10.0,52.0,53.0
 2021-01-23T12:51:20,2021.0,1.0,23.0,3.0,5.0,12.0,51.0,20.0
 2021-01-23T13:12:21,2021.0,1.0,23.0,3.0,5.0,13.0,12.0,21.0
 2021-01-23T13:21:57,2021.0,1.0,23.0,3.0,5.0,13.0,21.0,57.0
 2021-01-23T13:43:39,2021.0,1.0,23.0,3.0,5.0,13.0,43.0,39.0
 2021-01-23T13:52:00,2021.0,1.0,23.0,3.0,5.0,13.0,52.0,0.0
 2021-01-23T13:55:59,2021.0,1.0,23.0,3.0,5.0,13.0,55.0,59.0
 2021-01-23T14:18:50,2021.0,1.0,23.0,3.0,5.0,14.0,18.0,50.0
 2021-01-23T14:31:49,2021.0,1.0,23.0,3.0,5.0,14.0,31.0,49.0
 2021-01-23T15:38:01,2021.0,1.0,23.0,3.0,5.0,15.0,38.0,1.0
 2021-01-23T16:15:53,2021.0,1.0,23.0,3.0,5.0,16.0,15.0,53.0
 2021-01-23T17:15:19,2021.0,1.0,23.0,3.0,5.0,17.0,15.0,19.0
 2021-01-23T18:50:03,2021.0,1.0,23.0,3.0,5.0,18.0,50.0,3.0
 2021-01-23T20:14:38,2021.0,1.0,23.0,3.0,5.0,20.0,14.0,38.0
 2021-01-23T20:18:36,2021.0,1.0,23.0,3.0,5.0,20.0,18.0,36.0
 2021-01-23T21:15:05,2021.0,1.0,23.0,3.0,5.0,21.0,15.0,5.0
 2021-01-23T21:18:12,2021.0,1.0,23.0,3.0,5.0,21.0,18.0,12.0
 2021-01-23T21:49:56,2021.0,1.0,23.0,3.0,5.0,21.0,49.0,56.0
 2021-01-23T21:53:38,2021.0,1.0,23.0,3.0,5.0,21.0,53.0,38.0
 2021-01-23T22:12:37,2021.0,1.0,23.0,3.0,5.0,22.0,12.0,37.0
 2021-01-24T07:31:35,2021.0,1.0,24.0,3.0,6.0,7.0,31.0,35.0
 2021-01-24T07:35:25,2021.0,1.0,24.0,3.0,6.0,7.0,35.0,25.0
 2021-01-24T07:47:05,2021.0,1.0,24.0,3.0,6.0,7.0,47.0,5.0
 2021-01-24T08:41:11,2021.0,1.0,24.0,3.0,6.0,8.0,41.0,11.0
 2021-01-24T12:13:50,2021.0,1.0,24.0,3.0,6.0,12.0,13.0,50.0
 2021-01-24T13:26:56,2021.0,1.0,24.0,3.0,6.0,13.0,26.0,56.0
 2021-01-24T16:41:30,2021.0,1.0,24.0,3.0,6.0,16.0,41.0,30.0
 2021-01-24T17:17:01,2021.0,1.0,24.0,3.0,6.0,17.0,17.0,1.0
 2021-01-24T19:23:13,2021.0,1.0,24.0,3.0,6.0,19.0,23.0,13.0
 2021-01-25T10:08:54,2021.0,1.0,25.0,4.0,0.0,10.0,8.0,54.0
 2021-01-25T10:12:07,2021.0,1.0,25.0,4.0,0.0,10.0,12.0,7.0
 2021-01-25T10:27:54,2021.0,1.0,25.0,4.0,0.0,10.0,27.0,54.0
 2021-01-25T11:35:46,2021.0,1.0,25.0,4.0,0.0,11.0,35.0,46.0
 2021-01-25T13:16:07,2021.0,1.0,25.0,4.0,0.0,13.0,16.0,7.0
 2021-01-25T13:24:52,2021.0,1.0,25.0,4.0,0.0,13.0,24.0,52.0
 2021-01-25T16:42:36,2021.0,1.0,25.0,4.0,0.0,16.0,42.0,36.0
 2021-01-25T17:05:22,2021.0,1.0,25.0,4.0,0.0,17.0,5.0,22.0
 2021-01-25T18:12:12,2021.0,1.0,25.0,4.0,0.0,18.0,12.0,12.0
 2021-01-25T19:19:47,2021.0,1.0,25.0,4.0,0.0,19.0,19.0,47.0
 2021-01-25T22:18:43,2021.0,1.0,25.0,4.0,0.0,22.0,18.0,43.0
 2021-01-26T07:12:07,2021.0,1.0,26.0,4.0,1.0,7.0,12.0,7.0
 2021-01-26T07:27:33,2021.0,1.0,26.0,4.0,1.0,7.0,27.0,33.0
 2021-01-26T14:33:10,2021.0,1.0,26.0,4.0,1.0,14.0,33.0,10.0
 2021-01-26T14:40:00,2021.0,1.0,26.0,4.0,1.0,14.0,40.0,0.0
 2021-01-26T14:55:39,2021.0,1.0,26.0,4.0,1.0,14.0,55.0,39.0
 2021-01-26T15:49:30,2021.0,1.0,26.0,4.0,1.0,15.0,49.0,30.0
 2021-01-26T19:07:21,2021.0,1.0,26.0,4.0,1.0,19.0,7.0,21.0
 2021-01-26T20:47:48,2021.0,1.0,26.0,4.0,1.0,20.0,47.0,48.0
 2021-01-21T16:08:48,2021.0,1.0,21.0,3.0,3.0,16.0,8.0,48.0
 2021-01-21T16:13:01,2021.0,1.0,21.0,3.0,3.0,16.0,13.0,1.0
 2021-01-22T11:08:57,2021.0,1.0,22.0,3.0,4.0,11.0,8.0,57.0
 2021-01-23T09:14:37,2021.0,1.0,23.0,3.0,5.0,9.0,14.0,37.0
 2021-01-24T10:59:43,2021.0,1.0,24.0,3.0,6.0,10.0,59.0,43.0
 2021-01-26T16:51:57,2021.0,1.0,26.0,4.0,1.0,16.0,51.0,57.0
 2021-01-27T08:07:22,2021.0,1.0,27.0,4.0,2.0,8.0,7.0,22.0
 2021-01-28T09:57:56,2021.0,1.0,28.0,4.0,3.0,9.0,57.0,56.0
 2021-01-29T08:44:39,2021.0,1.0,29.0,4.0,4.0,8.0,44.0,39.0
 2021-01-30T10:19:21,2021.0,1.0,30.0,4.0,5.0,10.0,19.0,21.0
 2021-01-31T12:26:40,2021.0,1.0,31.0,4.0,6.0,12.0,26.0,40.0
 2021-02-01T09:07:11,2021.0,2.0,1.0,5.0,0.0,9.0,7.0,11.0
 2021-02-02T09:12:57,2021.0,2.0,2.0,5.0,1.0,9.0,12.0,57.0
 2021-02-03T08:22:32,2021.0,2.0,3.0,5.0,2.0,8.0,22.0,32.0
 2021-02-04T08:49:28,2021.0,2.0,4.0,5.0,3.0,8.0,49.0,28.0
 2021-02-05T10:15:17,2021.0,2.0,5.0,5.0,4.0,10.0,15.0,17.0
 2021-02-06T09:00:08,2021.0,2.0,6.0,5.0,5.0,9.0,0.0,8.0
 2021-02-07T09:48:46,2021.0,2.0,7.0,5.0,6.0,9.0,48.0,46.0
 2021-02-08T10:54:08,2021.0,2.0,8.0,6.0,0.0,10.0,54.0,8.0
 2021-02-09T08:28:08,2021.0,2.0,9.0,6.0,1.0,8.0,28.0,8.0
 2021-02-10T08:01:09,2021.0,2.0,10.0,6.0,2.0,8.0,1.0,9.0
 2021-02-11T16:27:26,2021.0,2.0,11.0,6.0,3.0,16.0,27.0,26.0
 2021-02-13T08:35:52,2021.0,2.0,13.0,6.0,5.0,8.0,35.0,52.0
 2021-02-15T11:25:55,2021.0,2.0,15.0,7.0,0.0,11.0,25.0,55.0
 2021-02-16T09:28:36,2021.0,2.0,16.0,7.0,1.0,9.0,28.0,36.0
 2021-01-21T13:24:44,2021.0,1.0,21.0,3.0,3.0,13.0,24.0,44.0
 2021-01-21T20:58:12,2021.0,1.0,21.0,3.0,3.0,20.0,58.0,12.0
 2021-01-22T08:30:19,2021.0,1.0,22.0,3.0,4.0,8.0,30.0,19.0
 2021-01-23T08:00:48,2021.0,1.0,23.0,3.0,5.0,8.0,0.0,48.0
 2021-01-24T08:34:44,2021.0,1.0,24.0,3.0,6.0,8.0,34.0,44.0
 2021-01-25T07:57:29,2021.0,1.0,25.0,4.0,0.0,7.0,57.0,29.0
 2021-01-26T08:28:27,2021.0,1.0,26.0,4.0,1.0,8.0,28.0,27.0
 2021-01-27T08:05:56,2021.0,1.0,27.0,4.0,2.0,8.0,5.0,56.0
 2021-01-28T07:57:22,2021.0,1.0,28.0,4.0,3.0,7.0,57.0,22.0
 2021-01-29T07:56:07,2021.0,1.0,29.0,4.0,4.0,7.0,56.0,7.0
 2021-01-30T08:07:33,2021.0,1.0,30.0,4.0,5.0,8.0,7.0,33.0
 2021-01-31T08:07:13,2021.0,1.0,31.0,4.0,6.0,8.0,7.0,13.0
 2021-02-01T08:14:05,2021.0,2.0,1.0,5.0,0.0,8.0,14.0,5.0
 2021-02-02T08:01:53,2021.0,2.0,2.0,5.0,1.0,8.0,1.0,53.0
 2021-02-03T07:49:25,2021.0,2.0,3.0,5.0,2.0,7.0,49.0,25.0
 2021-02-04T08:22:20,2021.0,2.0,4.0,5.0,3.0,8.0,22.0,20.0
 2021-02-05T08:08:11,2021.0,2.0,5.0,5.0,4.0,8.0,8.0,11.0
 2021-02-06T08:24:54,2021.0,2.0,6.0,5.0,5.0,8.0,24.0,54.0
 2021-02-07T07:58:51,2021.0,2.0,7.0,5.0,6.0,7.0,58.0,51.0
 2021-02-08T08:12:02,2021.0,2.0,8.0,6.0,0.0,8.0,12.0,2.0
 2021-02-09T07:51:33,2021.0,2.0,9.0,6.0,1.0,7.0,51.0,33.0
 2021-02-10T08:03:22,2021.0,2.0,10.0,6.0,2.0,8.0,3.0,22.0
 2021-02-13T07:46:30,2021.0,2.0,13.0,6.0,5.0,7.0,46.0,30.0
 2021-02-14T07:37:36,2021.0,2.0,14.0,6.0,6.0,7.0,37.0,36.0
 2021-02-15T07:51:51,2021.0,2.0,15.0,7.0,0.0,7.0,51.0,51.0
 2021-02-16T07:57:36,2021.0,2.0,16.0,7.0,1.0,7.0,57.0,36.0
,,,,,,,,
 2021-01-26T15:11:02,2021.0,1.0,26.0,4.0,1.0,15.0,11.0,2.0
 2021-01-27T06:47:44,2021.0,1.0,27.0,4.0,2.0,6.0,47.0,44.0
 2021-01-28T06:26:54,2021.0,1.0,28.0,4.0,3.0,6.0,26.0,54.0
 2021-01-29T06:05:25,2021.0,1.0,29.0,4.0,4.0,6.0,5.0,25.0
 2021-01-30T06:55:27,2021.0,1.0,30.0,4.0,5.0,6.0,55.0,27.0
 2021-01-25T13:06:46,2021.0,1.0,25.0,4.0,0.0,13.0,6.0,46.0
 2021-01-27T22:06:54,2021.0,1.0,27.0,4.0,2.0,22.0,6.0,54.0
 2021-01-28T18:10:44,2021.0,1.0,28.0,4.0,3.0,18.0,10.0,44.0
 2021-01-30T06:46:34,2021.0,1.0,30.0,4.0,5.0,6.0,46.0,34.0
 2021-01-31T06:19:58,2021.0,1.0,31.0,4.0,6.0,6.0,19.0,58.0
 2021-02-03T06:00:20,2021.0,2.0,3.0,5.0,2.0,6.0,0.0,20.0
 2021-02-06T06:46:42,2021.0,2.0,6.0,5.0,5.0,6.0,46.0,42.0
 2021-02-10T05:06:50,2021.0,2.0,10.0,6.0,2.0,5.0,6.0,50.0
 2021-02-11T16:49:49,2021.0,2.0,11.0,6.0,3.0,16.0,49.0,49.0
 2021-02-12T05:09:53,2021.0,2.0,12.0,6.0,4.0,5.0,9.0,53.0
 2021-02-13T05:09:57,2021.0,2.0,13.0,6.0,5.0,5.0,9.0,57.0
 2021-02-14T06:27:25,2021.0,2.0,14.0,6.0,6.0,6.0,27.0,25.0
 2021-02-15T05:02:21,2021.0,2.0,15.0,7.0,0.0,5.0,2.0,21.0
 2021-02-16T06:11:07,2021.0,2.0,16.0,7.0,1.0,6.0,11.0,7.0
 2021-02-17T05:37:08,2021.0,2.0,17.0,7.0,2.0,5.0,37.0,8.0
 2021-01-22T20:30:22,2021.0,1.0,22.0,3.0,4.0,20.0,30.0,22.0
 2021-01-27T10:56:59,2021.0,1.0,27.0,4.0,2.0,10.0,56.0,59.0
 2021-01-28T07:34:24,2021.0,1.0,28.0,4.0,3.0,7.0,34.0,24.0
 2021-01-29T07:21:28,2021.0,1.0,29.0,4.0,4.0,7.0,21.0,28.0
 2021-01-30T07:18:58,2021.0,1.0,30.0,4.0,5.0,7.0,18.0,58.0
 2021-01-31T07:51:49,2021.0,1.0,31.0,4.0,6.0,7.0,51.0,49.0
 2021-02-01T07:19:31,2021.0,2.0,1.0,5.0,0.0,7.0,19.0,31.0
 2021-02-02T07:21:03,2021.0,2.0,2.0,5.0,1.0,7.0,21.0,3.0
 2021-02-03T07:50:00,2021.0,2.0,3.0,5.0,2.0,7.0,50.0,0.0
 2021-02-04T08:41:23,2021.0,2.0,4.0,5.0,3.0,8.0,41.0,23.0
 2021-02-05T07:01:00,2021.0,2.0,5.0,5.0,4.0,7.0,1.0,0.0
 2021-02-07T08:36:05,2021.0,2.0,7.0,5.0,6.0,8.0,36.0,5.0
 2021-02-08T07:09:02,2021.0,2.0,8.0,6.0,0.0,7.0,9.0,2.0
 2021-02-09T07:13:45,2021.0,2.0,9.0,6.0,1.0,7.0,13.0,45.0
 2021-02-10T07:11:19,2021.0,2.0,10.0,6.0,2.0,7.0,11.0,19.0
 2021-02-11T16:03:02,2021.0,2.0,11.0,6.0,3.0,16.0,3.0,2.0
 2021-02-13T07:16:29,2021.0,2.0,13.0,6.0,5.0,7.0,16.0,29.0
 2021-01-28T15:03:26,2021.0,1.0,28.0,4.0,3.0,15.0,3.0,26.0
 2021-01-28T15:10:26,2021.0,1.0,28.0,4.0,3.0,15.0,10.0,26.0
 2021-01-29T08:15:14,2021.0,1.0,29.0,4.0,4.0,8.0,15.0,14.0
 2021-01-30T07:47:13,2021.0,1.0,30.0,4.0,5.0,7.0,47.0,13.0
 2021-01-25T10:14:07,2021.0,1.0,25.0,4.0,0.0,10.0,14.0,7.0
 2021-01-25T10:40:11,2021.0,1.0,25.0,4.0,0.0,10.0,40.0,11.0
 2021-01-25T10:49:24,2021.0,1.0,25.0,4.0,0.0,10.0,49.0,24.0
 2021-01-28T13:30:56,2021.0,1.0,28.0,4.0,3.0,13.0,30.0,56.0
 2021-01-29T08:12:24,2021.0,1.0,29.0,4.0,4.0,8.0,12.0,24.0
 2021-01-29T08:27:36,2021.0,1.0,29.0,4.0,4.0,8.0,27.0,36.0
 2021-01-30T08:30:14,2021.0,1.0,30.0,4.0,5.0,8.0,30.0,14.0
 2021-01-31T08:14:50,2021.0,1.0,31.0,4.0,6.0,8.0,14.0,50.0
 2021-02-01T07:28:57,2021.0,2.0,1.0,5.0,0.0,7.0,28.0,57.0
 2021-02-02T07:47:28,2021.0,2.0,2.0,5.0,1.0,7.0,47.0,28.0
 2021-02-02T07:51:04,2021.0,2.0,2.0,5.0,1.0,7.0,51.0,4.0
 2021-02-03T07:51:20,2021.0,2.0,3.0,5.0,2.0,7.0,51.0,20.0
 2021-02-04T08:41:44,2021.0,2.0,4.0,5.0,3.0,8.0,41.0,44.0
 2021-02-05T10:48:05,2021.0,2.0,5.0,5.0,4.0,10.0,48.0,5.0
 2021-02-06T08:48:11,2021.0,2.0,6.0,5.0,5.0,8.0,48.0,11.0
 2021-02-07T08:17:06,2021.0,2.0,7.0,5.0,6.0,8.0,17.0,6.0
 2021-02-08T08:46:24,2021.0,2.0,8.0,6.0,0.0,8.0,46.0,24.0
 2021-02-09T08:32:12,2021.0,2.0,9.0,6.0,1.0,8.0,32.0,12.0
 2021-02-10T08:17:03,2021.0,2.0,10.0,6.0,2.0,8.0,17.0,3.0
 2021-02-10T21:27:29,2021.0,2.0,10.0,6.0,2.0,21.0,27.0,29.0
 2021-02-10T22:46:38,2021.0,2.0,10.0,6.0,2.0,22.0,46.0,38.0
 2021-02-11T11:50:25,2021.0,2.0,11.0,6.0,3.0,11.0,50.0,25.0
 2021-02-11T11:53:32,2021.0,2.0,11.0,6.0,3.0,11.0,53.0,32.0
 2021-02-14T08:43:48,2021.0,2.0,14.0,6.0,6.0,8.0,43.0,48.0
 2021-02-15T08:08:00,2021.0,2.0,15.0,7.0,0.0,8.0,8.0,0.0
 2021-02-16T07:47:24,2021.0,2.0,16.0,7.0,1.0,7.0,47.0,24.0
 2021-01-28T13:45:21,2021.0,1.0,28.0,4.0,3.0,13.0,45.0,21.0
 2021-01-29T08:24:22,2021.0,1.0,29.0,4.0,4.0,8.0,24.0,22.0
 2021-01-30T08:19:36,2021.0,1.0,30.0,4.0,5.0,8.0,19.0,36.0
 2021-01-31T08:03:37,2021.0,1.0,31.0,4.0,6.0,8.0,3.0,37.0
 2021-02-01T07:24:44,2021.0,2.0,1.0,5.0,0.0,7.0,24.0,44.0
 2021-02-02T07:29:36,2021.0,2.0,2.0,5.0,1.0,7.0,29.0,36.0
 2021-02-03T07:54:33,2021.0,2.0,3.0,5.0,2.0,7.0,54.0,33.0
 2021-02-04T07:52:44,2021.0,2.0,4.0,5.0,3.0,7.0,52.0,44.0
 2021-02-05T07:38:08,2021.0,2.0,5.0,5.0,4.0,7.0,38.0,8.0
 2021-02-06T07:52:34,2021.0,2.0,6.0,5.0,5.0,7.0,52.0,34.0
 2021-02-07T07:56:04,2021.0,2.0,7.0,5.0,6.0,7.0,56.0,4.0
 2021-02-08T07:45:03,2021.0,2.0,8.0,6.0,0.0,7.0,45.0,3.0
 2021-02-09T08:02:45,2021.0,2.0,9.0,6.0,1.0,8.0,2.0,45.0
 2021-02-10T07:41:08,2021.0,2.0,10.0,6.0,2.0,7.0,41.0,8.0
 2021-02-11T15:31:01,2021.0,2.0,11.0,6.0,3.0,15.0,31.0,1.0
 2021-02-13T08:00:07,2021.0,2.0,13.0,6.0,5.0,8.0,0.0,7.0
 2021-02-14T08:00:20,2021.0,2.0,14.0,6.0,6.0,8.0,0.0,20.0
 2021-01-24T13:18:18,2021.0,1.0,24.0,3.0,6.0,13.0,18.0,18.0
 2021-01-24T13:19:49,2021.0,1.0,24.0,3.0,6.0,13.0,19.0,49.0
 2021-01-28T06:27:50,2021.0,1.0,28.0,4.0,3.0,6.0,27.0,50.0
 2021-01-29T06:07:11,2021.0,1.0,29.0,4.0,4.0,6.0,7.0,11.0
 2021-01-30T06:21:42,2021.0,1.0,30.0,4.0,5.0,6.0,21.0,42.0
 2021-01-30T06:37:50,2021.0,1.0,30.0,4.0,5.0,6.0,37.0,50.0
 2021-01-31T06:16:42,2021.0,1.0,31.0,4.0,6.0,6.0,16.0,42.0
 2021-01-31T06:20:02,2021.0,1.0,31.0,4.0,6.0,6.0,20.0,2.0
 2021-02-01T06:15:29,2021.0,2.0,1.0,5.0,0.0,6.0,15.0,29.0
 2021-02-02T06:12:01,2021.0,2.0,2.0,5.0,1.0,6.0,12.0,1.0
 2021-02-03T06:24:03,2021.0,2.0,3.0,5.0,2.0,6.0,24.0,3.0
 2021-02-04T05:24:17,2021.0,2.0,4.0,5.0,3.0,5.0,24.0,17.0
 2021-02-05T06:38:10,2021.0,2.0,5.0,5.0,4.0,6.0,38.0,10.0
 2021-01-22T14:14:36,2021.0,1.0,22.0,3.0,4.0,14.0,14.0,36.0
 2021-01-23T17:07:12,2021.0,1.0,23.0,3.0,5.0,17.0,7.0,12.0
 2021-01-24T08:36:43,2021.0,1.0,24.0,3.0,6.0,8.0,36.0,43.0
 2021-01-25T08:23:16,2021.0,1.0,25.0,4.0,0.0,8.0,23.0,16.0
 2021-01-26T08:13:41,2021.0,1.0,26.0,4.0,1.0,8.0,13.0,41.0
 2021-01-27T08:41:49,2021.0,1.0,27.0,4.0,2.0,8.0,41.0,49.0
 2021-01-29T08:33:11,2021.0,1.0,29.0,4.0,4.0,8.0,33.0,11.0
 2021-02-01T09:01:48,2021.0,2.0,1.0,5.0,0.0,9.0,1.0,48.0
 2021-02-02T08:20:38,2021.0,2.0,2.0,5.0,1.0,8.0,20.0,38.0
 2021-02-04T09:21:38,2021.0,2.0,4.0,5.0,3.0,9.0,21.0,38.0
 2021-02-05T08:27:53,2021.0,2.0,5.0,5.0,4.0,8.0,27.0,53.0
 2021-01-23T13:42:20,2021.0,1.0,23.0,3.0,5.0,13.0,42.0,20.0
 2021-01-24T08:45:25,2021.0,1.0,24.0,3.0,6.0,8.0,45.0,25.0
 2021-01-28T16:35:48,2021.0,1.0,28.0,4.0,3.0,16.0,35.0,48.0
 2021-01-27T13:35:30,2021.0,1.0,27.0,4.0,2.0,13.0,35.0,30.0
 2021-01-28T16:09:11,2021.0,1.0,28.0,4.0,3.0,16.0,9.0,11.0
 2021-01-29T08:54:42,2021.0,1.0,29.0,4.0,4.0,8.0,54.0,42.0
 2021-01-30T08:06:26,2021.0,1.0,30.0,4.0,5.0,8.0,6.0,26.0
 2021-02-09T05:32:20,2021.0,2.0,9.0,6.0,1.0,5.0,32.0,20.0
 2021-02-11T15:56:56,2021.0,2.0,11.0,6.0,3.0,15.0,56.0,56.0
 2021-01-22T10:15:14,2021.0,1.0,22.0,3.0,4.0,10.0,15.0,14.0
 2021-01-22T10:17:03,2021.0,1.0,22.0,3.0,4.0,10.0,17.0,3.0
 2021-01-22T18:31:58,2021.0,1.0,22.0,3.0,4.0,18.0,31.0,58.0
 2021-01-22T19:41:18,2021.0,1.0,22.0,3.0,4.0,19.0,41.0,18.0
 2021-01-22T19:49:33,2021.0,1.0,22.0,3.0,4.0,19.0,49.0,33.0
 2021-01-23T07:51:37,2021.0,1.0,23.0,3.0,5.0,7.0,51.0,37.0
 2021-01-23T14:41:45,2021.0,1.0,23.0,3.0,5.0,14.0,41.0,45.0
 2021-01-24T07:32:21,2021.0,1.0,24.0,3.0,6.0,7.0,32.0,21.0
 2021-01-25T07:49:25,2021.0,1.0,25.0,4.0,0.0,7.0,49.0,25.0
 2021-01-26T07:41:09,2021.0,1.0,26.0,4.0,1.0,7.0,41.0,9.0
 2021-01-27T07:48:01,2021.0,1.0,27.0,4.0,2.0,7.0,48.0,1.0
 2021-01-28T07:44:06,2021.0,1.0,28.0,4.0,3.0,7.0,44.0,6.0
 2021-01-28T08:20:31,2021.0,1.0,28.0,4.0,3.0,8.0,20.0,31.0
 2021-01-29T07:31:09,2021.0,1.0,29.0,4.0,4.0,7.0,31.0,9.0
 2021-01-30T10:33:50,2021.0,1.0,30.0,4.0,5.0,10.0,33.0,50.0
 2021-01-30T11:57:07,2021.0,1.0,30.0,4.0,5.0,11.0,57.0,7.0
 2021-01-31T07:50:04,2021.0,1.0,31.0,4.0,6.0,7.0,50.0,4.0
 2021-02-01T07:44:17,2021.0,2.0,1.0,5.0,0.0,7.0,44.0,17.0
 2021-02-02T08:30:42,2021.0,2.0,2.0,5.0,1.0,8.0,30.0,42.0
 2021-02-02T22:00:27,2021.0,2.0,2.0,5.0,1.0,22.0,0.0,27.0
 2021-02-03T19:21:59,2021.0,2.0,3.0,5.0,2.0,19.0,21.0,59.0
 2021-02-04T07:39:05,2021.0,2.0,4.0,5.0,3.0,7.0,39.0,5.0
 2021-02-05T07:36:22,2021.0,2.0,5.0,5.0,4.0,7.0,36.0,22.0
 2021-02-06T07:42:30,2021.0,2.0,6.0,5.0,5.0,7.0,42.0,30.0
 2021-02-07T07:18:37,2021.0,2.0,7.0,5.0,6.0,7.0,18.0,37.0
 2021-02-08T07:22:25,2021.0,2.0,8.0,6.0,0.0,7.0,22.0,25.0
 2021-02-09T07:28:59,2021.0,2.0,9.0,6.0,1.0,7.0,28.0,59.0
 2021-02-10T06:22:08,2021.0,2.0,10.0,6.0,2.0,6.0,22.0,8.0
 2021-02-11T16:38:15,2021.0,2.0,11.0,6.0,3.0,16.0,38.0,15.0
 2021-02-13T07:39:04,2021.0,2.0,13.0,6.0,5.0,7.0,39.0,4.0
 2021-02-13T09:42:11,2021.0,2.0,13.0,6.0,5.0,9.0,42.0,11.0
 2021-02-14T21:46:00,2021.0,2.0,14.0,6.0,6.0,21.0,46.0,0.0
 2021-02-15T06:54:03,2021.0,2.0,15.0,7.0,0.0,6.0,54.0,3.0
 2021-02-16T07:48:27,2021.0,2.0,16.0,7.0,1.0,7.0,48.0,27.0
 2021-02-17T10:17:30,2021.0,2.0,17.0,7.0,2.0,10.0,17.0,30.0
 2021-01-27T16:44:32,2021.0,1.0,27.0,4.0,2.0,16.0,44.0,32.0
 2021-01-27T20:18:14,2021.0,1.0,27.0,4.0,2.0,20.0,18.0,14.0
 2021-02-13T05:28:13,2021.0,2.0,13.0,6.0,5.0,5.0,28.0,13.0
 2021-02-13T09:22:09,2021.0,2.0,13.0,6.0,5.0,9.0,22.0,9.0
 2021-02-13T09:22:25,2021.0,2.0,13.0,6.0,5.0,9.0,22.0,25.0
 2021-02-13T19:34:40,2021.0,2.0,13.0,6.0,5.0,19.0,34.0,40.0
 2021-02-14T18:47:40,2021.0,2.0,14.0,6.0,6.0,18.0,47.0,40.0
 2021-02-14T19:27:07,2021.0,2.0,14.0,6.0,6.0,19.0,27.0,7.0
